OpenTime,ScaleReading,nReps
30,0.00315,
40,0.0038,
50,0.00395,
70,0.00415,
100,0.0047,
150,0.00595,
