OpenTime,ScaleReading,nReps,
30,0.78,200,0.0039
40,1.78,200,0.005
50,2.84,200,0.0053
60,3.9,200,0.0053
70,5.03,200,0.00565
100,6.12,200,0.00545
