Stimuli,Dist 1,Dist 2
0,0.142857143,0
16,0.142857143,0
32,0.142857143,0
64,0.142857143,0
128,0.142857143,0
256,0.142857143,100
99,0.142857143,0
