Stimuli,Dist 1,Dist 2
0,14.28571429,14.28571429
16,14.28571429,14.28571429
32,14.28571429,14.28571429
64,14.28571429,14.28571429
128,14.28571429,14.28571429
256,14.28571429,14.28571429
99,14.28571429,14.28571429
